state_code,state_name,capital,lat,lon
AL,Alabama,Montgomery,32.377716,-86.300568
AK,Alaska,Juneau,58.301598,-134.420212
AZ,Arizona,Phoenix,33.448143,-112.096962
AR,Arkansas,Little Rock,34.746613,-92.288986
CA,California,Sacramento,38.576668,-121.493629
CO,Colorado,Denver,39.739227,-104.984856
CT,Connecticut,Hartford,41.764046,-72.682198
DE,Delaware,Dover,39.157307,-75.519722
FL,Florida,Tallahassee,30.438118,-84.281296
GA,Georgia,Atlanta,33.749027,-84.388229
HI,Hawaii,Honolulu,21.307442,-157.857376
ID,Idaho,Boise,43.617775,-116.199722
IL,Illinois,Springfield,39.798363,-89.654961
IN,Indiana,Indianapolis,39.768623,-86.162643
IA,Iowa,Des Moines,41.591087,-93.603729
KS,Kansas,Topeka,39.048191,-95.677956
KY,Kentucky,Frankfort,38.186722,-84.875374
LA,Louisiana,Baton Rouge,30.457069,-91.187393
ME,Maine,Augusta,44.307167,-69.781693
MD,Maryland,Annapolis,38.978764,-76.490936
MA,Massachusetts,Boston,42.358162,-71.063698
MI,Michigan,Lansing,42.733635,-84.555328
MN,Minnesota,Saint Paul,44.955097,-93.102211
MS,Mississippi,Jackson,32.303848,-90.182106
MO,Missouri,Jefferson City,38.579201,-92.172935
MT,Montana,Helena,46.585709,-112.018417
NE,Nebraska,Lincoln,40.808075,-96.699654
NV,Nevada,Carson City,39.163914,-119.766121
NH,New Hampshire,Concord,43.206898,-71.537994
NJ,New Jersey,Trenton,40.220596,-74.769913
NM,New Mexico,Santa Fe,35.68224,-105.939728
NY,New York,Albany,42.652843,-73.757874
NC,North Carolina,Raleigh,35.78043,-78.639099
ND,North Dakota,Bismarck,46.82085,-100.783318
OH,Ohio,Columbus,39.961346,-82.999069
OK,Oklahoma,Oklahoma City,35.492207,-97.503342
OR,Oregon,Salem,44.938461,-123.030403
PA,Pennsylvania,Harrisburg,40.264378,-76.883598
RI,Rhode Island,Providence,41.830914,-71.414963
SC,South Carolina,Columbia,34.000343,-81.033211
SD,South Dakota,Pierre,44.367031,-100.346405
TN,Tennessee,Nashville,36.16581,-86.784241
TX,Texas,Austin,30.27467,-97.740349
UT,Utah,Salt Lake City,40.777477,-111.888237
VT,Vermont,Montpelier,44.262436,-72.580536
VA,Virginia,Richmond,37.538857,-77.43364
WA,Washington,Olympia,47.035805,-122.904816
WV,West Virginia,Charleston,38.336246,-81.612328
WI,Wisconsin,Madison,43.074722,-89.384438
WY,Wyoming,Cheyenne,41.140259,-104.820236
